Workbook

Sheet Memoria
B2: CÁLCULO DE TIEMPOS — PLANTA KOF FONTIBÓN (CORREGIDO) · Formulación APM (apuntes del curso)
B3: Líneas: L1 = Coca-Cola 350 ml vidrio retornable · L2 = QuAtro 1.5 L PET NR · L3 = Garrafón 25 L. Demanda: pronóstico abr-2026→mar-2027 del proyecto.
B5: ■ Fuentes de las tasas nominales (Rp máquina)
B6: L1: 40.000–45.000 bph observados en visita técnica (se usa 42.500 central, rango en sensibilidad). L2: llenadora KRONES usada ~2004 tipo monoblock (referencias de mercado de usados equivalentes a los enlaces suministrados): 12.000 bph en botella 1,5 L (14.000 en 0,5 L). L3: no hay dato de planta; se adopta línea industrial de garrafón 3–5 gal tipo QGF-600 → 600 gfn/h (familia QGF: 100–1.200 bph; QGF-900 = 6 válvulas, 900 bph).
B8: ■ OEE bottom-up (no calibrado)
B9: El OEE se CONSTRUYE por línea desde los datos del sistema y el 75–78 % de la visita se usa solo como VALIDACIÓN: A = Ter/Tep con Tip=70 min (alistamiento+saneamiento, visita) y Tnp por línea (protocolo de fallas de la visita); SE = Rp real/Rp de diseño (L1: 40.000 del EBI / 42.500 de la llenadora = 94,1 %; L2: 12.000/13.000 usado; L3: 600/650); RE desde microparos medibles (reacción 5 min, chequeos horarios → 15–30 min/turno); Q = 99,93 % (archivo original). El OEE resultante cae por sí solo en el rango observado — fila de validación explícita.
B11: ■ Tiempos de la visita usados
B12: Alistamiento Tsu = 1 h + saneamiento 10 min = 70 min por corrida (notas de visita, línea PET). Cambio de producto 1 h (1 h 10 en L3-PET). Monitoreo de paneles cada 1 h; ante falla se detiene y se revisa la producción 1 h antes y 1 h después (usado en el bloque MTBF/MTTR ilustrativo).
B14: ■ Qué se corrigió del archivo original
B15: Ver hoja 'Correcciones': 8 hallazgos, del error conceptual Takt=Tc a las tasas no soportadas por la visita.
B17: ■ Paletizado/despaletizado manual
B18: La planta NO tiene celdas robóticas: paletizado y despaletizado son manuales. Se modelan como estaciones con Tc igual al del cuello de botella (línea sincronizada al llenado) y Tno declarado; NO limitan la tasa porque trabajan en paralelo por cuadrillas, pero sí suman al MLT.
... B27: Con 2 turnos, la capacidad EFECTIVA de L1 y L2 queda por debajo de la demanda pronosticada (U>100 %): se requiere tercer turno (al menos en meses pico) o recalibrar la captura de planta del supuesto S3. El detalle y los escenarios están en la hoja.

Sheet Correcciones
B2: AUDITORÍA DEL ARCHIVO ORIGINAL (Calculo_de_tiempos_-_APM_.xlsx)
B4: Hallazgo | C4: En el archivo original | D4: Corrección aplicada aquí
B5: 1. Takt ≠ Tiempo de ciclo | C5: Fila 'Tack Time = Tiempo ciclo' y SE calculado con Takt=Tc (SE=B9/B32). | D5: Takt = T_D/D depende de la DEMANDA (apuntes); Tc = 3600/Rp depende de la MÁQUINA. Se calculan por separado y se comparan (holgura Takt−Tc).
B6: 2. Tasas sin soporte | C6: 350 ml a 50.000 bph; '1L' con 40.000 y 60.000 en hojas distintas; garrafón '60 L/hora' (≈2,4 gfn/h, imposible). | D6: L1=42.500 bph (visita 40–45 k); L2=12.000 bph (KRONES usada 2004, refs. de mercado); L3=600 gfn/h (QGF-600). Fuente en comentario de cada celda.
B7: 3. RE = 1,10 > 1 | C7: Volumen real supuesto = objetivo y Tc inflado ×1,1 → RE imposible (>1). | D7: RE = (Vol.real×Tc)/Ter con Vol.real medido u objetivo×OEE; aquí PE=RE·SE se calibra al OEE observado (75–78 %) y RE≤1 por construcción.
B8: 4. SE = 0,8 'porque sí' | C8: Celda K8: 'Porque si'. | D8: SE = Tc diseñado/Tc real (apuntes). Con línea sincronizada al cuello, SE se estima de la razón velocidad real/nominal; queda editable y documentado.
B9: 5. Sin TEEP | C9: No existe. | D9: Hoja OEE_TEEP: TEEP = OEE × Carga calendario, por línea y escenario de turnos.
B10: 6. Sin vínculo a demanda | C10: Botellas/turno arbitrarias (210.000; 100.000; 5.000). | D10: Demanda = pronóstico del proyecto (abr-26→mar-27): Takt promedio y de mes pico (dic-26); PC vs demanda → Utilización U.
B11: 7. Sin Tb, Tp, MLT | C11: Fórmulas de lote y lead time ausentes. | D11: Tb=Tsu+Q·Tc; Tp=Tb/Q; Rp=60/Tp; MLT=Tsu(max)+Σ(Tci+Tnoi)+(Q−1)·Tc_n con estaciones reales (paletizado manual incluido).
B12: 8. Horas útiles fijas 7 h sin trazar | C12: 'Horas útiles' = 7 sin descomponer. | D12: Tt→Tip→Tep→Tnp→Ter explícitos (8,0−1,0=7,0; −0,75→6,25 h) → A=89,3 %, consistente con OEE 76,5 % de la visita.

Sheet Parametros
B2: PARÁMETROS (azul/amarillo = editable; comentario = fuente)
B4: Líneas y tasas nominales de máquina (Rp, unidades/hora)
B5: Concepto | C5: L1 · CC 350 ret. | D5: L2 · QuAtro 1.5 PET | E5: L3 · Garrafón 25 L
B6: Rp nominal llenadora (und/h) — estación crítica | C6: 42500 | D6: 12000 | E6: =MIN(E7,E8*E9) -> 480
B7: L3 · llenadora nominal (gfn/h) | E7: 600
B8: L3 · operarios en paletizado manual | E8: 2
B9: L3 · ritmo manual sostenible (gfn/h por operario) | E9: 240
B10: S — turnos por día | C10: 2 | D10: 2 | E10: 1
B11: H — horas por turno | C11: 8 | D11: 8 | E11: 8
B12: Días operativos por AÑO (calendario Bogotá) | C12: 286 | D12: 286 | E12: 120
B13: Mantenimiento mayor incluido arriba (días/año) | C13: 10 | D13: 10 | E13: 10
B14: Unidades por pallet | C14: 1620 | D14: 840 | E14: 30
B15: Q — LOTE = producción de UN TURNO de 8 h (und, redondeado a pallets) | C15: =ROUND(C6*8*C$33/C14,0)*C14 -> 262440 | D15: =ROUND(D6*8*D$33/D14,0)*D14 -> 73080 | E15: =ROUND(E6*8*E$33/E14,0)*E14 -> 2880
B16: Tsu — alistamiento por corrida (min) | C16: 70 | D16: 70 | E16: 70
B18: OEE construido BOTTOM-UP desde el sistema (por línea) — el rango 75–78 % de la visita se usa como VALIDACIÓN, no como objetivo
B19: Concepto | C19: L1 · CC 350 | D19: L2 · QuAtro 1.5 | E19: L3 · Garrafón
B20: Tt · turno (h) | C20: 8 | D20: 8 | E20: 8
B21: Tip · inactividad planeada (h/turno) | C21: 1.1667 | D21: 1.1667 | E21: 1.1667
B22: Tnp · inactividad NO planeada (h/turno) | C22: 0.75 | D22: 0.75 | E22: 0.75
B23: Tep = Tt − Tip (h) | C23: =C20-C21 -> 6.8333 | D23: =D20-D21 -> 6.8333 | E23: =E20-E21 -> 6.8333
B24: Ter = Tep − Tnp (h) | C24: =C23-C22 -> 6.0833 | D24: =D23-D22 -> 6.0833 | E24: =E23-E22 -> 6.0833
B25: A = Ter/Tep (disponibilidad) | C25: =C24/C23 -> 0.89024337 | D25: =D24/D23 -> 0.89024337 | E25: =E24/E23 -> 0.89024337
B26: Tasa de DISEÑO de la llenadora (und/h) | C26: 45000 | D26: 13000 | E26: 520
B27: SE = Rp real / Rp diseño (= Tc_diseño/Tc_real) | C27: =Parametros!C6/C26 -> 0.94444444 | D27: =Parametros!D6/D26 -> 0.92307692 | E27: =Parametros!E6/E26 -> 0.92307692
B28: Microparos y ajustes (min/turno) → RE | C28: 30 | D28: 25 | E28: 30
B29: RE = (Ter − micro/60)/Ter | C29: =(C24-C28/60)/C24 -> 0.91780777 | D29: =(D24-D28/60)/D24 -> 0.93150647 | E29: =(E24-E28/60)/E24 -> 0.91780777
B30: PE = RE × SE | C30: =C29*C27 -> 0.86681845 | D30: =D29*D27 -> 0.85985213 | E30: =E29*E27 -> 0.84720717
B31: Rechazo (defectuosos/volumen) | C31: 0.00068 | D31: 0.00068 | E31: 0.00068
B32: Q = 1 − rechazo | C32: =1-C31 -> 0.99932 | D32: =1-D31 -> 0.99932 | E32: =1-E31 -> 0.99932
B33: OEE = A × PE × Q (RESULTADO del sistema) | C33: =C25*C30*C32 -> 0.77115463 | D33: =D25*D30*D32 -> 0.76495713 | E33: =E25*E30*E32 -> 0.75370769
B34: VALIDACIÓN: ¿dentro del 75–78 % observado en visita? | C34: =IF(AND(C33>=0.75,C33<=0.78),"SÍ","REVISAR") -> SÍ | D34: =IF(AND(D33>=0.75,D33<=0.78),"SÍ","REVISAR") -> SÍ | E34: =IF(AND(E33>=0.75,E33<=0.78),"SÍ","REVISAR") -> SÍ
B35: Demanda del pronóstico (abr-2026 → mar-2027) — unidades
B36: Concepto | C36: L1 (P1) | D36: L2 (P2) | E36: L3 (P3)
B37: Demanda anual (und) | C37: 186953224 | D37: 54436369 | E37: 277477
B38: Demanda mes promedio (und) | C38: 15579435 | D38: 4536364 | E38: 23123
B39: Demanda mes PICO · dic-26 (und) | C39: 18310511 | D39: 5331587 | E39: 25516
B40: Demanda 2025 — estado ACTUAL (und) | C40: 175912451 | D40: 51221567 | E40: 279931

Sheet Tiempos_Lineas
B2: TIEMPOS POR LÍNEA — fórmulas APM; lote Q = producción de un turno de 8 h
B4: Métrica (fórmula) | C4: L1 · CC 350 | D4: L2 · QuAtro 1.5 | E4: L3 · Garrafón | F4: Descripción y aplicación
B5: Tc = 3600/Rp_real (s/und) | C5: =3600/Parametros!C6 -> 0.084705882 | D5: =3600/Parametros!D6 -> 0.3 | E5: =3600/Parametros!E6 -> 7.5 | F5: Ciclo de la estación crítica: L1 llenadora Mecafill (tras reasignar la HEUFT a L1); L2 bloc KRONES 2004; L3 PALETIZADO MANUAL (2 operarios × 240 gfn/h, carga de 25 kg) — no la llenadora.
B6: T_D disponible/día (s) = S × Ter × 3600 | C6: =Parametros!C10*Parametros!C24*3600 -> 43799.76 | D6: =Parametros!D10*Parametros!D24*3600 -> 43799.76 | E6: =Parametros!E10*Parametros!E24*3600 -> 21899.88 | F6: Tiempo real de ejecución por día (Ter por turno, ya sin Tip ni Tnp).
B7: D — demanda diaria promedio (und/día) | C7: =Parametros!C38/(Parametros!C12/12) -> 653682.59 | D7: =Parametros!D38/(Parametros!D12/12) -> 190336.95 | E7: =Parametros!E38/(Parametros!E12/12) -> 2312.3 | F7: Mes promedio del pronóstico / días operativos del mes (días año/12).
B8: D_pico — demanda diaria dic-26 (und/día) | C8: =Parametros!C39/(Parametros!C12/12) -> 768273.19 | D8: =Parametros!D39/(Parametros!D12/12) -> 223702.95 | E8: =Parametros!E39/(Parametros!E12/12) -> 2551.6 | F8: Mes de máxima demanda.
B9: Takt = T_D/D (s/und) | C9: =C6/C7 -> 0.06700463 | D9: =D6/D7 -> 0.23011696 | E9: =E6/E7 -> 9.4710375 | F9: Ritmo del mercado (apuntes). Comparar con Tc: Takt<Tc ⇒ el sistema no alcanza.
B10: Takt mes pico (s/und) | C10: =C6/C8 -> 0.057010658 | D10: =D6/D8 -> 0.19579429 | E10: =E6/E8 -> 8.5828029 | F10: Takt de diciembre.
B11: Razón Tc_ef/Takt_pico (=U pico) | C11: =(C5/Parametros!C33)/C10 -> 1.9267086 | D11: =(D5/Parametros!D33)/D10 -> 2.0030147 | E11: =(E5/Parametros!E33)/E10 -> 1.159389 | F11: >1 ⇒ infactible en el pico con turnos actuales (ver Capacidad_vs_Demanda).
B12: Q — lote de UN TURNO (und) | C12: =Parametros!C15 -> 262440 | D12: =Parametros!D15 -> 73080 | E12: =Parametros!E15 -> 2880 | F12: Definición del proyecto: el lote es lo producido en un turno de 8 h (Rp_real×8×OEE), redondeado a pallets completos.
B13: Lote en pallets | C13: =Parametros!C15/Parametros!C14 -> 162 | D13: =Parametros!D15/Parametros!D14 -> 87 | E13: =Parametros!E15/Parametros!E14 -> 96 | F13: L1≈162 · L2≈87 · L3≈97 pallets por turno.
B14: T_b = Tsu + Q·Tc (h) | C14: =(Parametros!C16+Parametros!C15*C5/60)/60 -> 7.3417255 | D14: =(Parametros!D16+Parametros!D15*D5/60)/60 -> 7.2566667 | E14: =(Parametros!E16+Parametros!E15*E5/60)/60 -> 7.1666667 | F14: Duración del lote-turno: alistamiento (70 min) + corrida. Debe caber en las 8 h del turno (≈7,3 h: consistente).
B15: T_p = T_b/Q (s/und) | C15: =C14*3600/Parametros!C15 -> 0.10070954 | D15: =D14*3600/Parametros!D15 -> 0.35747126 | E15: =E14*3600/Parametros!E15 -> 8.9583333 | F15: Tiempo por unidad con el alistamiento prorrateado en el lote-turno (≈Tc·1,16).
B16: R_p lote = 3600/T_p (und/h) | C16: =3600/C15 -> 35746.365 | D16: =3600/D15 -> 10070.74 | E16: =3600/E15 -> 401.86047 | F16: Tasa real del turno incluyendo el alistamiento.
B17: PC = n·S·H·Rp_real (und/día) | C17: =1*Parametros!C10*Parametros!C11*Parametros!C6 -> 680000 | D17: =1*Parametros!D10*Parametros!D11*Parametros!D6 -> 192000 | E17: =1*Parametros!E10*Parametros!E11*Parametros!E6 -> 3840 | F17: Capacidad bruta por día operativo (apuntes).
B18: PC efectiva anual = PC×días×OEE (und) | C18: =C17*Parametros!C12*Parametros!C33 -> 1.4997415e+08 | D18: =D17*Parametros!D12*Parametros!D33 -> 42005326 | E18: =E17*Parametros!E12*Parametros!E33 -> 347308.51 | F18: Capacidad realista anual con calendario de Bogotá (286/286/120 días) y OEE bottom-up por línea.

Sheet MLT_VSM
B2: MLT = Tsu(max) + Σ(Tc_i + Tno_i) + (Q−1)·Tc_cuello — sobre la base de los VSM del proyecto
B3: Tc_i y disponibilidades por estación: VSM Línea 2 (330 mL→L1), VSM Línea 3 (1L-2L→L2), VSM Línea 7 (20L→L3). Tno_i = esperas de inventario del VSM (h→s). Q = lote de un turno. En L3 el paletizado es MANUAL (25 kg/gfn) y es la estación crítica.
B5: L1 · CC 350 (base VSM Línea 2)
B6: Estación (VSM) | C6: Tc_i (s) | D6: Disp. VSM | E6: Tno_i (h) | F6: Tno_i (s)
B7: Recepción | C7: 0.7 | D7: 0.97 | E7: 1.6 | F7: =E7*3600 -> 5760
B8: Lavado | C8: 0.8 | D8: 0.9 | E8: 1.28 | F8: =E8*3600 -> 4608
B9: Mezclado | C9: 0.6 | D9: 0.95 | E9: 0.96 | F9: =E9*3600 -> 3456
B10: Llenado | C10: 0.576 | D10: 0.92 | E10: 0.64 | F10: =E10*3600 -> 2304
B11: Tapado | C11: 0.576 | D11: 0.94 | E11: 0.64 | F11: =E11*3600 -> 2304
B12: Etiquetado | C12: 0.65 | D12: 0.95 | E12: 0.96 | F12: =E12*3600 -> 3456
B13: Inspección (HEUFT PRIME reasignada) | C13: 0.6 | D13: 0.93 | E13: 0.96 | F13: =E13*3600 -> 3456
B14: Paletizado manual | C14: 1.2 | D14: 0.93 | E14: 1 | F14: =E14*3600 -> 3600
B15: Almacenaje | C15: 0.9 | D15: 0.98 | E15: 1.6 | F15: =E15*3600 -> 5760
B16: MLT del lote-turno (h) | C16: =(Parametros!C16*60+SUM(C7:C15)+SUM(F7:F15)+(Parametros!C15-1)*Tiempos_Lineas!C5)/3600 -> 16.983536 | G16: Alistamiento + paso por estaciones + esperas VSM + corrida del lote. Nota: en L3 el Tc del VSM del paletizado (4 s) se corrige a 15 s por la realidad manual de 25 kg — indicación del proyecto.
B18: L2 · QuAtro 1.5 (base VSM Línea 3)
B19: Estación (VSM) | C19: Tc_i (s) | D19: Disp. VSM | E19: Tno_i (h) | F19: Tno_i (s)
B20: Recepción preformas | C20: 0.7 | D20: 0.97 | E20: 2 | F20: =E20*3600 -> 7200
B21: Soplado | C21: 0.5 | D21: 0.93 | E21: 1.33 | F21: =E21*3600 -> 4788
B22: Enjuague | C22: 0.5 | D22: 0.95 | E22: 1.2 | F22: =E22*3600 -> 4320
B23: Mezclado | C23: 0.5 | D23: 0.95 | E23: 1.07 | F23: =E23*3600 -> 3852
B24: Llenado | C24: 0.48 | D24: 0.92 | E24: 0.8 | F24: =E24*3600 -> 2880
B25: Tapado | C25: 0.48 | D25: 0.94 | E25: 0.8 | F25: =E25*3600 -> 2880
B26: Etiquetado | C26: 0.65 | D26: 0.96 | E26: 0.8 | F26: =E26*3600 -> 2880
B27: Inspección (Linatronic reasignada) | C27: 0.6 | D27: 0.96 | E27: 1.07 | F27: =E27*3600 -> 3852
B28: Paletizado manual | C28: 1 | D28: 0.93 | E28: 1.33 | F28: =E28*3600 -> 4788
B29: Almacenaje | C29: 0.2 | D29: 0.98 | E29: 1.6 | F29: =E29*3600 -> 5760
B30: MLT del lote-turno (h) | C30: =(Parametros!D16*60+SUM(C20:C29)+SUM(F20:F29)+(Parametros!D15-1)*Tiempos_Lineas!D5)/3600 -> 19.258142 | G30: Alistamiento + paso por estaciones + esperas VSM + corrida del lote. Nota: en L3 el Tc del VSM del paletizado (4 s) se corrige a 15 s por la realidad manual de 25 kg — indicación del proyecto.
B32: L3 · Garrafón (base VSM Línea 7)
B33: Estación (VSM) | C33: Tc_i (s) | D33: Disp. VSM | E33: Tno_i (h) | F33: Tno_i (s)
B34: Recepción | C34: 3.5 | D34: 0.97 | E34: 1.6 | F34: =E34*3600 -> 5760
B35: Lavado | C35: 3.2 | D35: 0.93 | E35: 1.2 | F35: =E35*3600 -> 4320
B36: Llenado | C36: 2.88 | D36: 0.92 | E36: 0.8 | F36: =E36*3600 -> 2880
B37: Tapado | C37: 2.88 | D37: 0.94 | E37: 0.8 | F37: =E37*3600 -> 2880
B38: Inspección | C38: 3.1 | D38: 0.96 | E38: 1.2 | F38: =E38*3600 -> 4320
B39: PALETIZADO MANUAL 25 kg (crítica) | C39: 15 | D39: 0.93 | E39: 1.2 | F39: =E39*3600 -> 4320
B40: Almacenaje | C40: 3 | D40: 0.98 | E40: 1.6 | F40: =E40*3600 -> 5760
B41: MLT del lote-turno (h) | C41: =(Parametros!E16*60+SUM(C34:C40)+SUM(F34:F40)+(Parametros!E15-1)*Tiempos_Lineas!E5)/3600 -> 15.573906 | G41: Alistamiento + paso por estaciones + esperas VSM + corrida del lote. Nota: en L3 el Tc del VSM del paletizado (4 s) se corrige a 15 s por la realidad manual de 25 kg — indicación del proyecto.

Sheet OEE_TEEP
B2: OEE (bottom-up, por línea) y TEEP con calendario de Bogotá
B4: Métrica | C4: L1 | D4: L2 | E4: L3 | F4: Descripción y aplicación
B5: A = Ter/Tep | C5: =Parametros!C25 -> 0.89024337 | D5: =Parametros!D25 -> 0.89024337 | E5: =Parametros!E25 -> 0.89024337 | F5: Disponibilidad desde tiempos del sistema (Tip=70 min visita; Tnp por línea).
B6: SE = Rp real/Rp diseño | C6: =Parametros!C27 -> 0.94444444 | D6: =Parametros!D27 -> 0.92307692 | E6: =Parametros!E27 -> 0.92307692 | F6: Del sistema: L1 42,5k/45k (usada bajo placa); L2 12k/13k; L3 480/520 (ritmo manual real vs estándar).
B7: RE (microparos medidos) | C7: =Parametros!C29 -> 0.91780777 | D7: =Parametros!D29 -> 0.93150647 | E7: =Parametros!E29 -> 0.91780777 | F7: Pérdidas de ritmo dentro de Ter: 30/25/30 min por turno (protocolo de visita; en L3, recuperación del operario).
B8: PE = RE×SE | C8: =Parametros!C30 -> 0.86681845 | D8: =Parametros!D30 -> 0.85985213 | E8: =Parametros!E30 -> 0.84720717 | F8: Eficiencia de desempeño resultante.
B9: Q calidad | C9: =Parametros!C32 -> 0.99932 | D9: =Parametros!D32 -> 0.99932 | E9: =Parametros!E32 -> 0.99932 | F9: Rechazo 0,068 % (archivo original).
B10: OEE = A×PE×Q (resultado) | C10: =Parametros!C33 -> 0.77115463 | D10: =Parametros!D33 -> 0.76495713 | E10: =Parametros!E33 -> 0.75370769 | F10: RESULTA en 75–78 % — coincide con la visita SIN calibración. Clasificación de los apuntes: 'Buena/Aceptable'.
B11: Validación vs visita 75–78 % | C11: =IF(AND(Parametros!C33>=0.75,Parametros!C33<=0.78),"SÍ","REVISAR") -> SÍ | D11: =IF(AND(Parametros!D33>=0.75,Parametros!D33<=0.78),"SÍ","REVISAR") -> SÍ | E11: =IF(AND(Parametros!E33>=0.75,Parametros!E33<=0.78),"SÍ","REVISAR") -> SÍ | F11: Chequeo explícito: el rango observado valida el modelo del sistema.
B12: Carga = S·H·días/(24·365) | C12: =Parametros!C10*Parametros!C11*Parametros!C12/(24*365) -> 0.52237443 | D12: =Parametros!D10*Parametros!D11*Parametros!D12/(24*365) -> 0.52237443 | E12: =Parametros!E10*Parametros!E11*Parametros!E12/(24*365) -> 0.10958904 | F12: Calendario laboral Bogotá (286 días; L3 120 en contraciclo).
B13: TEEP = OEE×Carga | C13: =Parametros!C33*C12 -> 0.40283146 | D13: =Parametros!D33*D12 -> 0.39959404 | E13: =Parametros!E33*E12 -> 0.082598104 | F13: Eficacia sobre el calendario TOTAL (definición estándar, declarada). La brecha OEE→TEEP = turnos no programados.

Sheet Capacidad_vs_Demanda
B2: CAPACIDAD EFECTIVA vs DEMANDA — 2025 (estado actual) y 2026 (pronóstico)
B4: Concepto | C4: L1 · CC 350 | D4: L2 · QuAtro 1.5 | E4: L3 · Garrafón | F4: Lectura
B5: Demanda 2025 — actual (und) | C5: =Parametros!C40 -> 175912451 | D5: =Parametros!D40 -> 51221567 | E5: =Parametros!E40 -> 279931 | F5: Serie real reconstruida 2025.
B6: Demanda 2026 — pronóstico (und) | C6: =Parametros!C37 -> 186953224 | D6: =Parametros!D37 -> 54436369 | E6: =Parametros!E37 -> 277477 | F6: abr-26→mar-27 (HW).
B7: Capacidad efectiva anual (und) | C7: =Tiempos_Lineas!C18 -> 1.4997415e+08 | D7: =Tiempos_Lineas!D18 -> 42005326 | E7: =Tiempos_Lineas!E18 -> 347308.51 | F7: Turnos 2/2/1, calendario Bogotá, OEE por línea; L3 con 2 operarios de paletizado (cuello 480 gfn/h).
B8: U 2025 — estado actual | C8: =Parametros!C40/C7 -> 1.1729518 | D8: =Parametros!D40/D7 -> 1.2194065 | E8: =Parametros!E40/E7 -> 0.80600099 | F8: L1 y L2 ya por encima de 2 turnos HOY; L3 factible gracias al 2.º operario.
B9: U 2026 — futuro | C9: =Parametros!C37/C7 -> 1.2465696 | D9: =Parametros!D37/D7 -> 1.2959397 | E9: =Parametros!E37/E7 -> 0.79893523 | F9: La brecha crece con el pronóstico.
B10: Escenario 3 turnos (L1/L2) | C10: =C7*3/Parametros!C10 -> 2.2496123e+08 | D10: =D7*3/Parametros!D10 -> 63007989 | E10: =E7*3/Parametros!E10 -> 1041925.5 | F10: Capacidad si pasan a 3×8 h.
B11: U 2026 con 3 turnos | C11: =Parametros!C37/(C7*3/Parametros!C10) -> 0.83104642 | D11: =Parametros!D37/(D7*3/Parametros!D10) -> 0.86395979 | E11: =Parametros!E37/(E7*3/Parametros!E10) -> 0.26631174 | F11: Vuelven a rango factible.
B12: L3 con 1 solo operario (sensibilidad) | C12: ="—" -> — | D12: ="—" -> — | E12: =Parametros!E40/(E7/2) -> 1.612002 | F12: Si el paletizado queda con 1 operario, el cuello cae a 240 gfn/h y U≈161 %: INFACTIBLE. El 2.º operario (o rotación) es obligatorio.
B14: DICTAMEN: tras reasignar inspectoras (HEUFT→L1, Linatronic→L2, capex cero) el cuello de L1 vuelve a la llenadora (42.500) y aun así, con calendario real de Bogotá y 2 turnos, L1 y L2 están sobre-utilizadas hoy (U2025≈117 %/122 %) y más en el pronóstico (U2026≈125 %/130 %): se requiere 3.er turno (U2026≈83 %/86 %) o recalibrar la captura S3. En L3 la estación crítica es el PALETIZADO MANUAL (25 kg/gfn): con 2 operarios la línea rinde 480 gfn/h y U≈81 %; con 1 operario es infactible (161 %) — prioridad ergonómica y candidata natural a semiautomatización en fases futuras.

Sheet Maquinas_Referencias
B2: MÁQUINAS POR ETAPA — referencias comerciales realistas (equipos usados, planta de 15+ años)
B3: Tasas de catálogo/mercado de usados por marca (columna Ref → hoja Referencias). Tc = 3600/tasa. La estación con MENOR tasa define la línea (cuello = llenadora en L1/L2/L3).
B5: Etapa / máquina | C5: Referencia comercial (marca · modelo · condición) | D5: Tasa (und/h) | E5: Tc (s/und) | F5: Ref | G5: ¿Cuello? · Nota
B6: L1 · Coca-Cola 350 ml vidrio retornable (2 turnos × 8 h)
B7: Despaletizado / desencajonado | C7: MANUAL por cuadrillas (sin celdas robóticas en planta) | D7: manual | E7: — | F7: — | G7: No limita tasa (paralelo); suma Tno al MLT.
B8: Lavadora de botellas | C8: KRONES Lavatec (usada; clase 50–60k bph en vidrio retornable) | D8: 55000 | E8: =3600/D8 -> 0.065454545 | F8: [2] | G8: Sobredimensionada vs llenadora: absorbe paradas cortas.
B9: Inspección (vacía/llena) | C9: HEUFT PRIME reasignada DESDE L2 (72.000 cph): estaba sobredimensionada allí | D9: 72000 | E9: =3600/D9 -> 0.05 | F9: [9] | G9: Intercambio capex-cero propuesto: libera el cuello de 40k que imponía la Linatronic.
B10: Llenadora + tapadora (corona) | C10: KRONES Mecafill/Modulfill vidrio usada — 40–45k bph (visita) | D10: 42500 | E10: =3600/D10 -> 0.084705882 | F10: [2] | G10: SÍ — con la HEUFT en L1, la llenadora vuelve a ser la crítica.
B11: Inspección botella llena | C11: KRONES Checkmat usada (nivel/tapa; ≥ línea) | D11: 60000 | E11: =3600/D11 -> 0.06 | F11: [2] | G11: No limita.
B12: Encajonado | C12: Empacadora de cajones usada (clase ≥50k bph) | D12: 50000 | E12: =3600/D12 -> 0.072 | F12: [2] | G12: No limita.
B13: Paletizado | C13: MANUAL por cuadrillas | D13: manual | E13: — | F13: — | G13: Suma Tno al MLT (90 s declarados).
B14: Cuello de la línea (mín. tasa) | D14: =MIN(D8,D9,D10,D11,D12) -> 42500 | E14: =3600/D14 -> 0.084705882 | G14: Debe coincidir con la Rp de Parametros (misma llenadora).
B16: L2 · QuAtro 1.5 L PET NR (2 turnos × 8 h)
B17: Bloc soplado-llenado-tapado | C17: KRONES Contiform Bloc usado 2004 (CSD): 12.000 bph @1,5 L | D17: 12000 | E17: =3600/D17 -> 0.3 | F17: [3] | G17: SÍ — el bloc integra la crítica; 14.000 @0,5 L.
B18: Inspección botella llena | C18: KRONES Linatronic 713 reasignada DESDE L1 (40.000 bph) | D18: 40000 | E18: =3600/D18 -> 0.09 | F18: [1] | G18: Sobra ampliamente vs bloc de 12k; no limita.
B19: Etiquetadora | C19: KRONES Contiroll usada (2004) | D19: 30000 | E19: =3600/D19 -> 0.12 | F19: [4] | G19: No limita.
B20: Empaque packs ×6 | C20: KRONES Variopac usada: 28–30 cajas/min (6×4) ≈ 40k bph | D20: 40000 | E20: =3600/D20 -> 0.09 | F20: [4] | G20: No limita.
B21: Paletizado | C21: MANUAL por cuadrillas | D21: manual | E21: — | F21: — | G21: Suma Tno al MLT.
B22: Cuello de la línea (mín. tasa) | D22: =MIN(D17,D18,D19,D20) -> 12000 | E22: =3600/D22 -> 0.3 | G22: Debe coincidir con la Rp de Parametros (misma llenadora).
B24: L3 · Garrafón 25 L retornable (1 turno × 8 h, contraciclo)
B25: Descapsulado + lavado ext/int | C25: Lavadora garrafón usada (clase 200–900 gph) | D25: 700 | E25: =3600/D25 -> 5.1428571 | F25: [7] | G25: No limita.
B26: Llenadora-tapadora 3-en-1 | C26: Monoblock garrafón 11–25 L usado (clase QGF-600) | D26: 600 | E26: =3600/D26 -> 6 | F26: [6][7][8] | G26: Capacidad propia 600; queda por ENCIMA del paletizado manual.
B27: Inspección / lámpara | C27: Visión + inspección manual asistida | D27: 900 | E27: =3600/D27 -> 4 | F27: [7] | G27: No limita.
B28: PALETIZADO MANUAL (crítica) | C28: 2 operarios cargando garrafones de 25 kg uno a uno al pallet (5 capas) | D28: 480 | E28: =3600/D28 -> 7.5 | F28: [10b] | G28: SÍ — cuello REAL de L3: 240 gfn/h por operario (ciclo ~15 s, límite ergonómico de levantamiento repetitivo tipo NIOSH). Con 1 operario: 240 → infactible.
B29: Cuello de la línea (mín. tasa) | D29: =MIN(D25,D26,D27,D28) -> 480 | E29: =3600/D29 -> 7.5 | G29: Debe coincidir con la Rp de Parametros (misma llenadora).

Sheet Referencias
B2: REFERENCIAS
B4: [1] | C4: KRONES Linatronic 713 — inspector de botella vacía de vidrio, usado (2013), salida máx. 40.000 bph en el formato menor. MachinePoint, inventario de usados KRONES: https://www.machinepoint.com/machinepoint/inventory.nsf/bybrand?openform=&cat_brand=krones
B5: [2] | C5: Visita técnica planta KOF Fontibón (apuntes propios): línea vidrio 350 ml a 40.000–45.000 bph, 2 turnos de 8 h; alistamiento 1 h + saneamiento 10 min; paneles cada 1 h; sin celdas robóticas (paletizado manual). Clases Lavatec/Checkmat/encajonadora tomadas como no-limitantes por diseño de línea (sobredimensionadas vs. llenadora).
B6: [3] | C6: Línea PET KRONES usada, año 2004, para agua carbonatada y refrescos (CSD): 12.000 bph @1,5 L; 14.000 bph @0,5 L (equivalente comercial de los enlaces Truck1 suministrados). Machineseeker: https://www.machineseeker.com/mss/pet — 'COMPLETE BOTTLING LINE PET KRONES', NP 684 y ficha CSD 2004.
B7: [4] | C7: Referencias KRONES usadas de apoyo: Contiform S8 + Mecafill triblock (2004) 12.800 bph; Contiroll (2004); Variopac 459 (2005) 28–30 cajas/min; línea aséptica 2002: 17.000 bph @1,5 L. Machineseeker/Resale/UsedBottlingLines (ver [3] y https://www.resale.info/en/filling-line-krones/).
B8: [5] | C8: KRONES ErgoBloc PET 1,5 L: 32.000 bph (referencia de tope de gama, NO usada aquí; acota el rango). Resale: https://www.resale.info/en/krones-filling-line/
B9: [6] | C9: Línea de llenado garrafón retornable clase 11–25 L (5 gal/19 L, incluye 25 L): comercial hasta 3.000 bph, hasta 12 válvulas. iBottling: https://ibottling.com/filling/5-gallon-water-filling-machine/
B10: [7] | C10: Monoblock garrafón QGF-600 (600 gfn/h) y QGF-900 (900 gfn/h, 6 válvulas, barril ф276×490 mm): fichas técnicas comerciales. FESTA: https://www.festamachine.com/300bph-5-gallon-20l-water-bottling-line/ · Made-in-China (QGF-900): https://cnkingmachine.en.made-in-china.com/product/JjMnDgTcgiWX/China-Water-Jar-20-Litre-Liter-Mineral-Water-Filling-Plant-Machine-Line.html · TINGS 600 BPH 18,9/20 L: https://www.jmtings.com/product/600bph-5-gallon-20l-18-9l-bottle-water-filling-machine/
B11: [8] | C11: Lavadora 18,9 L usada: 200–300 bph por unidad (se instalan en paralelo). Machineseeker UK: https://www.machineseeker.co.uk/mss/bottle+filling+machine
B12: [9] | C12: HEUFT PRIME — inspector de botella llena, plataforma para líneas de alta velocidad (clase hasta ~72.000 env/h según formato). HEUFT Systemtechnik: https://heuft.com
B13: [10] | C13: Calendario laboral Colombia: 18 días festivos/año (Ley 51 de 1983, 'Ley Emiliani': traslado de festivos a lunes). Días operativos L-S Bogotá ≈ 365 − 52 domingos − 17 festivos entre semana ≈ 296; menos 10 días de overhaul anual → 286.
B14: [10b] | C14: Estación manual de paletizado de garrafón: ciclo sostenible ~15 s por levantamiento de 25 kg del transportador al pallet (≈240 gfn/h·operario), acotado por criterios de levantamiento repetitivo (ecuación de levantamiento NIOSH, límite recomendado ~23 kg en condiciones ideales → exige relevos y pausas). Indicación del proyecto: estación crítica de L3.
B15: [13] | C15: VSM Línea 2 (330 mL), Línea 3 (1L-2L) y Línea 7 (20L) — elaboración propia del proyecto (diagramas adjuntos): TC y disponibilidad por estación, esperas de inventario, LT y VA usados en la hoja MLT_VSM.
... B17: [12] | C17: Demandas: 2025 = serie reconstruida con datos trimestrales reales KOF Colombia × participación de planta; 2026 = pronóstico Holt-Winters abr-2026→mar-2027 (repositorio del proyecto, data/).

Sheet Glosario
B2: GLOSARIO
B4: Rp | C4: Tasa de producción (und/h). 'Nominal/diseño' = placa de la máquina; 'real' = velocidad sostenida del equipo usado o del cuello.
B5: Tc | C5: Tiempo de ciclo (s/und) = 3600/Rp. El de la estación crítica marca el pulso de la línea.
B6: Takt | C6: Ritmo de la demanda = tiempo neto disponible / unidades demandadas. Takt<Tc ⇒ el sistema no alcanza.
B7: Tt, Tip, Tnp, Tep, Ter | C7: Turno total; inactividad planeada (alistamiento+saneamiento); no planeada (fallas); Tep=Tt−Tip; Ter=Tep−Tnp (tiempo real de ejecución).
B8: Tsu | C8: Tiempo de alistamiento por corrida (70 min: 1 h + 10 min de saneamiento, visita).
B9: Q (lote) | C9: Definición del proyecto: producción de UN TURNO de 8 h = Rp_real×8×OEE, redondeado a pallets completos.
B10: Tb, Tp | C10: Tb=Tsu+Q·Tc (duración del lote); Tp=Tb/Q (tiempo por unidad con alistamiento prorrateado).
B11: PC, U | C11: Capacidad de producción (n·S·H·Rp) y utilización U=Demanda/PC. U>100 % = infactible.
B12: MLT | C12: Manufacturing Lead Time: Tsu(max)+Σ(Tc_i+Tno_i)+(Q−1)·Tc del cuello. Aquí con estaciones y esperas de los VSM.
B13: Tno_i | C13: Tiempo de no operación tras la estación i (esperas de inventario del VSM, en h→s).
B14: A, RE, SE, PE, Q(calidad) | C14: Disponibilidad=Ter/Tep; RE=pérdidas de ritmo dentro de Ter; SE=Rp real/Rp diseño; PE=RE×SE; Q=1−rechazo.
B15: OEE | C15: A×PE×Q. Construido bottom-up desde el sistema; el 75–78 % de la visita es VALIDACIÓN, no objetivo.
... B22: Intercambio de inspectoras | C22: Propuesta capex-cero: HEUFT PRIME (72k) pasa de L2 a L1; Linatronic (40k) pasa a L2, donde sobra frente al bloc de 12k.
